# Schema fingerprint of the live FOCUS project (wznqeofsvbutbvbyxfab), captured 2026-10-02
# with scripts/schema-fingerprint.sql after migration 20260927100000. One object per line.
auth trigger on_auth_user_created	786e53a33077b3a68f1ec248e238d18a
function can_read_school_scoped(target_school_id uuid)	5cf9f5f858c0fbab5b73c640f72c74f0
function enrolled_in_class(target_class_id uuid)	84f40ee16eb1dfe08bae6cc33a715cea
function focus_assert_analysis_context(p_school_id uuid, p_student_id uuid, p_assessment_id uuid)	63db7fa63523935dc7fb61caa0a34932
function focus_check_awarded_points()	e0b350e30c75417c030a3c92f075ca86
function focus_confidence_for(p_student_id uuid, p_assessment_id uuid, p_node_id uuid, p_current_occurrences integer)	ac8f7a80f04ca762810a652c984fca86
function focus_curriculum_edge_declared()	3fce11c625cc48fa6b2d3779d8b54e0c
function focus_curriculum_graph(p_subject_code text, p_level_codes text[])	8ec3757cf9d0d5fdd208531650344a2a
function focus_curriculum_text(p_value text)	1c2ec6dbbd9c9b5a6cfc8051d05faf18
function focus_curriculum_text_ok(p_value text, p_max integer, p_required boolean)	30a5d12805c330be4292638f525cb85d
function focus_evidence_changed()	1346cda633692e205f260af700442796
function focus_export_curriculum(p_source_url text)	1d17e1a63502f85beb69ed08ae086d96
function focus_import_curriculum(p_package jsonb, p_dry_run boolean, p_allow_mass_deactivation boolean)	51ccbd8bc84dfdb5f51f2c66b932b986
function focus_import_curriculum_catalogue(p_catalogue jsonb, p_dry_run boolean)	2ec61cefcee83fabb2450e7062aa6780
function focus_notion_related_to_question(p_node_id uuid, p_question_id uuid)	410c2e96061cb1153c2dbdee4d80be00
function focus_persist_no_evidence(p_school_id uuid, p_student_id uuid, p_assessment_id uuid, p_model text, p_input_hash text, p_reason text)	05287118e00a48642c5262e4591b05c7
function focus_persist_pedagogical_analysis(p_school_id uuid, p_student_id uuid, p_assessment_id uuid, p_model text, p_input_hash text, p_errors jsonb, p_recommendations jsonb)	750584702df52d2dc470e10b9616a331
function focus_record_ai_usage(p_assessment_id uuid, p_analysis_run_id uuid, p_model text, p_reasoning_effort text, p_outcome text, p_model_called boolean, p_latency_ms integer, p_input_tokens integer, p_output_tokens integer, p_reasoning_tokens integer, p_total_tokens integer, p_rejected_candidates integer)	46ecac5203b068dc0caadc78b70e2050
function focus_review_pedagogical_recommendation(p_recommendation_id uuid, p_decision text, p_note text)	27c96540587fca512d373bbe0e8374dc
function focus_save_assessment(p_assessment_id uuid, p_title text, p_date date, p_class_id uuid, p_subject_id uuid, p_competency_ids uuid[], p_results jsonb, p_important boolean)	fa230ce85530cbd411a3c111c7f26d57
function focus_save_assessment_questions(p_assessment_id uuid, p_context_text text, p_instructions_text text, p_questions jsonb, p_confirm_response_deletion boolean)	2c1c6ce7cc027f1f8d553864105e20e7
function focus_save_student_responses(p_assessment_id uuid, p_student_id uuid, p_responses jsonb)	f2cc2c06a9a585e118e204b65026ed9f
function focus_schema_version()	3c8a29225154f150f143df8981b75f5b
function focus_supersede_analyses(p_assessment_id uuid, p_student_id uuid)	78288b8ed7e3a3a9f65a8a57e096d399
function focus_teacher_work_queue()	50991b353dd5142745ee4745d28a6a88
function handle_new_user()	f0a05920078d22f254d23c65975ff733
function is_school_admin(target_school_id uuid)	0622c2014d0c5789778e4046cc4b2a49
function is_school_member(target_school_id uuid)	d1f80d426c4f37d11dc7494973f6d36a
function set_updated_at()	d1149222f1d9d129906f0557a6d29b25
function shares_class_with(other_user_id uuid)	eae8f61c15aaccb8ab0132716303cc48
function teaches_class(target_class_id uuid)	19ffa8c917142f60ef66951411873386
policy academic_years.academic_years_delete	10b968e9a38e324bdb9c88be93b4466c
policy academic_years.academic_years_select	a1a90b2da54e4036af43d7e0f7bd92c6
policy academic_years.academic_years_update	4c6df1c429f7159c9f0c2ced08fc6462
policy academic_years.academic_years_write	795d6b26c80565744a231bb351a1c2f2
policy ai_analysis_runs.ai_analysis_runs_select	30d731a9d4da843347d997c821d9fc3a
policy ai_usage_events.ai_usage_events_select	30d731a9d4da843347d997c821d9fc3a
policy assessment_competencies.assessment_competencies_delete	6db2cdcc0d903c18949cb10f6b9f0899
policy assessment_competencies.assessment_competencies_select	95bcfee42afbceb41220ac44d76d3d30
policy assessment_competencies.assessment_competencies_write	2fd7f798c801be7d2420fc09e56840eb
policy assessment_materials.assessment_materials_delete	c718320217e58a3c094dbd5e0d106cc6
policy assessment_materials.assessment_materials_insert	c02f5d594d0ae91b98516ad47532b503
policy assessment_materials.assessment_materials_select	17b0737f8e436aef48d8f0e51d58cb94
policy assessment_materials.assessment_materials_update	7c55b1d6f9816204598a0d8812688d7c
policy assessment_questions.assessment_questions_delete	41d968b25fb7aa375fde457020e8014c
policy assessment_questions.assessment_questions_insert	d0c5e56019f0f535cb0c6f987d9abead
policy assessment_questions.assessment_questions_select	0b06ebb5b5aa513d09d4e94228a8725f
policy assessment_questions.assessment_questions_update	31748522ed5de2b88a195c38dbfad946
policy assessment_results.assessment_results_delete	dd57f45591d49bee05ee32a587659bd6
policy assessment_results.assessment_results_select	279b414c6786ac11b0b700bc1afd98c1
policy assessment_results.assessment_results_update	d066c2f036d339147de5cd2357b36314
policy assessment_results.assessment_results_write	5991abe822114df7d4f5a79af135e990
policy assessments.assessments_delete	3dd1d2718953ba2d729787a44b6a480f
policy assessments.assessments_select	67cf39056834f3055643694fa9c64ace
policy assessments.assessments_update	2fece77bb74a84f4d9e5104afeefaaa8
policy assessments.assessments_write	172985fc49bde55408bf00f051c17da7
policy classes.classes_delete	10b968e9a38e324bdb9c88be93b4466c
policy classes.classes_select	a1a90b2da54e4036af43d7e0f7bd92c6
policy classes.classes_update	4c6df1c429f7159c9f0c2ced08fc6462
policy classes.classes_write	795d6b26c80565744a231bb351a1c2f2
policy competencies.competencies_delete	49c041d5f7da28f4555856e5420bf9da
policy competencies.competencies_select	b8b92c7a7d38374ff6342bdcfa1c19f5
policy competencies.competencies_update	a5e59f355322e67505015e33372f093a
policy competencies.competencies_write	42cb2e108253b45da8baecc771e44498
policy competency_results.competency_results_delete	b18903a79d70b9f1eb7d6739d5b00c29
policy competency_results.competency_results_select	f40a2f2e01d4669909e24c058725a68b
policy competency_results.competency_results_update	781e1107f3b73fb5cba9858618c4d1d5
policy competency_results.competency_results_write	fab0ebf044e4f80396b288596386a63c
policy curriculum_edge_declarations.curriculum_edge_declarations_select	5d77ef3bff1c6705849f415da82005fd
policy curriculum_edges.curriculum_edges_select	5d77ef3bff1c6705849f415da82005fd
policy curriculum_nodes.curriculum_nodes_select	5d77ef3bff1c6705849f415da82005fd
policy curriculum_objectives.curriculum_objectives_select	5d77ef3bff1c6705849f415da82005fd
policy curriculum_remediation_targets.curriculum_remediation_targets_select	5d77ef3bff1c6705849f415da82005fd
policy curriculum_remediations.curriculum_remediations_select	5d77ef3bff1c6705849f415da82005fd
policy curriculum_sources.curriculum_sources_select	5d77ef3bff1c6705849f415da82005fd
policy curriculum_typical_errors.curriculum_typical_errors_select	5d77ef3bff1c6705849f415da82005fd
policy error_observations.error_observations_select	008adda9baab7b1a391d0a43a1adf6cf
policy homework.homework_delete	3dd1d2718953ba2d729787a44b6a480f
policy homework.homework_select	67cf39056834f3055643694fa9c64ace
policy homework.homework_update	2fece77bb74a84f4d9e5104afeefaaa8
policy homework.homework_write	db3d604f1ecb1ce8bb268247a7e58893
policy homework_resources.homework_resources_delete	ae951d4d24625215f3e70a6e682b8328
policy homework_resources.homework_resources_select	7f61fc331e48e0206946384653db5f55
policy homework_resources.homework_resources_write	14142a7114b13660cd5cae66edfcaf29
policy homework_views.homework_views_insert	6bb57372fd6049c869b746657f0e2151
policy homework_views.homework_views_select	a202e28dd4bd5e126fda33e7c4f04449
policy learning_activities.learning_activities_select	be7d9375b75a6a38c5eed50b3cd6b588
policy learning_activities.learning_activities_write	b8d4a5068f00076f83f4d318d7cad8fc
policy learning_paths.learning_paths_select	bb99cfd75291fa1a3047dc1385335c97
policy learning_paths.learning_paths_update	30b82390624dea7cec329d38ae44267b
policy learning_paths.learning_paths_write	4dd2eaae178f06eb53e1116d98614d60
policy lesson_absences.lesson_absences_select	95ef5eaf1c74aaeb82ee73de1aa1309d
policy lesson_absences.lesson_absences_update	38e94744c13d402a2645be8e3eeee39d
policy lesson_absences.lesson_absences_write	5d710a1f9d59abbd9cf6ba779b7b8b28
policy lesson_competencies.lesson_competencies_delete	4c0fecc7be281caf0fa2bf06c8ea2fbc
policy lesson_competencies.lesson_competencies_select	be04a4d2d15b9eebe1d957b818172b85
policy lesson_competencies.lesson_competencies_write	b2e018cf0eae7ee842ca8106788eb544
policy lessons.lessons_delete	3dd1d2718953ba2d729787a44b6a480f
policy lessons.lessons_select	67cf39056834f3055643694fa9c64ace
policy lessons.lessons_update	2fece77bb74a84f4d9e5104afeefaaa8
policy lessons.lessons_write	c0243f3ac2bafeaacdae4d6fbcc1cc20
policy pedagogical_recommendations.pedagogical_recommendations_select	81e1191c0a5291b2686db92f38d2de6f
policy pedagogical_review_events.pedagogical_review_events_select	8fda373c969958f5d3438151e58d7cef
policy profiles.profiles_insert_own	ad2da3c70c686a82697ba223106ae983
policy profiles.profiles_select	c9aaf2b278a30b271bd42ac0c35d1374
policy profiles.profiles_update_own	d449d2478c0d67e73693926b66da22c1
policy question_curriculum_nodes.question_curriculum_nodes_delete	8142479fca6db6084d21eaacbaf68715
policy question_curriculum_nodes.question_curriculum_nodes_insert	66420421f5585ce8259a9b4a7ebed465
policy question_curriculum_nodes.question_curriculum_nodes_select	64583bbc2974925b4d36685ecf439b2d
policy question_curriculum_nodes.question_curriculum_nodes_update	ebea44f1a7971a45ba0ce7432ec6a548
policy school_memberships.memberships_delete	10b968e9a38e324bdb9c88be93b4466c
policy school_memberships.memberships_select	fb3fac4fb903e5a9361f39c9b56846ad
policy school_memberships.memberships_update	4c6df1c429f7159c9f0c2ced08fc6462
policy school_memberships.memberships_write	795d6b26c80565744a231bb351a1c2f2
policy schools.schools_select	41b5bd1e47bf4b102bbc678c316771a6
policy schools.schools_update	d409fddd9291bbeb5dac0a832077fec0
policy student_enrollments.student_enrollments_delete	10b968e9a38e324bdb9c88be93b4466c
policy student_enrollments.student_enrollments_select	56578c68a8b8abd0c464f70b42c45a29
policy student_enrollments.student_enrollments_write	795d6b26c80565744a231bb351a1c2f2
policy student_progress.student_progress_select	d59e9a4b694225ea827a813e7e022643
policy student_progress.student_progress_update	03a39eb7df023464a84ac4e2a1b413f7
policy student_progress.student_progress_write	72916d2eea5cc7255fb2272c448c9ce3
policy student_responses.student_responses_delete	a6185e9a359797a6c72f1dd351f8da1e
policy student_responses.student_responses_insert	1fc36060cd6e6428f5cb533c669eb82a
policy student_responses.student_responses_select	179df16e5959c155fcae055624931e15
policy student_responses.student_responses_update	2f69433be7604cfb33a468eae890192d
policy subjects.subjects_delete	49c041d5f7da28f4555856e5420bf9da
policy subjects.subjects_select	b8b92c7a7d38374ff6342bdcfa1c19f5
policy subjects.subjects_update	a5e59f355322e67505015e33372f093a
policy subjects.subjects_write	42cb2e108253b45da8baecc771e44498
policy teacher_assignments.teacher_assignments_delete	10b968e9a38e324bdb9c88be93b4466c
policy teacher_assignments.teacher_assignments_select	849f438ba1976d8ccc795e10ebc9ca28
policy teacher_assignments.teacher_assignments_write	795d6b26c80565744a231bb351a1c2f2
table academic_years	fb78cbc008064911aea90d159828f4c2
table ai_analysis_runs	d4fe2efd82fe7b70c2dde0a89f4d37f1
table ai_usage_events	0a548ee29fb72026de0390fdf006fedd
table assessment_competencies	7a0492349ee49fda6efdba08d7c0540a
table assessment_materials	c4433ff9ba64001c3d6502bef4ce6017
table assessment_questions	3c04d8b093d51177c3a24b28ee3d63e1
table assessment_results	9f791597ba20fc1e36068c01d14b34e4
table assessments	6c505732dce28b13615a7858e1b09cbb
table classes	5f84767be06ff5a5c5901791d33f9963
table competencies	4f4d81ddb124b762fe0f08161475e159
table competency_results	c34b128d679162c521ac135e0f0c1a13
table curriculum_catalogue_imports	18259f1f53287bddbfe3efb9ba08d02e
table curriculum_edge_declarations	ea8541e15984c9f4ff9f77051d8e525c
table curriculum_edges	80429c3fe093c89ad092d8fe967cb6a0
table curriculum_import_runs	33a97f862bb30d094bdfe316230eae3e
table curriculum_nodes	80cf1b76d782c2e88875ff08d2776746
table curriculum_objectives	710798c9e0387ce38714dfc1efc270bf
table curriculum_remediation_targets	4fb3d78619b99ae4c0eb40e6f3f41c31
table curriculum_remediations	b247b52fe17e895c026f63c7a92632ba
table curriculum_sources	0f38316a018125ae5779b16c17bc00ad
table curriculum_typical_errors	af08edadf7c0708cc3c478bb06e164f3
table error_observations	095c94e50fa90aa586cadbd6a9bad7a8
table homework	5516033e38cbaeb3950ae74220c787ef
table homework_resources	413edd8909aeb8c30bbe38bb95fe9638
table homework_views	c415b4035b2aac7731931145c9e74721
table learning_activities	1c0eb0584ee7dee66483d3cb7f70ae7b
table learning_paths	c7cf0c34b36f856da5fba92d1e20adc2
table lesson_absences	ae3616d497ba4ab2772d1f6ef0415cb8
table lesson_competencies	71bcd0edb2f77c464ff3ff413c7e3d51
table lessons	606aff50e9258f12bfd98ad2ea003720
table pedagogical_recommendations	583fdbc8cb4026e9bceb4dfe1552b48c
table pedagogical_review_events	04390450c52f022bedcc3b1343d085e1
table profiles	8ea493aa880d603b4680b104f0b8d894
table question_curriculum_nodes	e0f5a494fffa547555c3151527324345
table school_memberships	c52fc5e3ee8c0fb89fc75bc7a4646a82
table schools	6734a64de491aa2758906daabd0fa784
table student_enrollments	fad6025fed61ccc65c464854556634ec
table student_progress	5bba39e32131687170012a396f63215b
table student_responses	c07812849022afd7134baea72eb214ff
table subjects	bd5dc1b9797245f589423b12392c6a12
table teacher_assignments	04f8ef0effdc702a04ac515990189a14
type catchup_status	4bc0db860d7f131142f02f2ef718a127
type learning_activity_type	14a3c8f52aa05df3332d207d206f11c2
type learning_path_origin	7785721ecb007e8217a686b318840e42
type learning_path_status	4bc0db860d7f131142f02f2ef718a127
type mastery_level	a99cbd803ea589edd5a2746c1191bd80
type membership_role	e758ca906f1d950337f9a0acafa22967
type membership_status	8a03cdc510023fb4e6b29317b2e51783
