from,to,relation
MATH.ALG.DISTRIBUTIVITE,MATH.ALG.FACTORISATION_SIMPLE,supports
MATH.ALG.DISTRIBUTIVITE,MATH.ALG.FORME_ADAPTEE,supports
MATH.ALG.EQUATION_PREMIER_DEGRE,MATH.ALG.MODELISER_EQUATION,supports
MATH.ALG.FACTORISATION_SIMPLE,MATH.ALG.FORME_ADAPTEE,supports
MATH.ALG.INEQUATION_PREMIER_DEGRE,MATH.ALG.MODELISER_EQUATION,supports
MATH.FONC.IMAGE_ANTECEDENT,MATH.FONC.EQUATIONS_GRAPHIQUES,supports
MATH.FONC.TABLEAU_SIGNES,MATH.FONC.EQUATIONS_GRAPHIQUES,supports
MATH.NUM.ARITHMETIQUE,MATH.NUM.FRACTIONS.IRREDUCTIBLE,supports
MATH.NUM.FRACTIONS.IRREDUCTIBLE,MATH.NUM.FRACTIONS.OPERATIONS,supports
