code,type,title,description,source_locator,part_of,prerequisites,competencies
MATH.ALG.CALCUL_LITTERAL_ELEMENTAIRE,notion,Écritures littérales élémentaires,Traiter les opposés ; Utiliser facteurs 0 et 1 ; Manipuler des écritures fractionnaires définies.,"Annexe autonome BO 2026, p. 5 — Automatismes",,MATH.PREREQ.CYCLE4.FRACTIONS,MATH.COMP.CALCULER
MATH.ALG.CARRE_EQUATION,notion,Équation x carré égale a,Distinguer a négatif nul ou positif ; Donner toutes les solutions réelles.,"Annexe autonome BO 2026, p. 5,8 — Automatismes ; Nombres et calculs, algèbre",MATH.ALG.EQUATIONS,MATH.ALG.RACINES,MATH.COMP.CALCULER|MATH.COMP.RAISONNER
MATH.ALG.DISTRIBUTIVITE,notion,Développement par distributivité,Distribuer un facteur ; Utiliser la double distributivité ; Réduire.,"Annexe autonome BO 2026, p. 5 — Automatismes — calcul numérique et algébrique",MATH.ALG.EXPRESSIONS,MATH.ALG.CALCUL_LITTERAL_ELEMENTAIRE|MATH.PREREQ.CYCLE4.DISTRIBUTIVITE,MATH.COMP.CALCULER
MATH.ALG.EQUATIONS,notion,Résolutions algébriques,Définir l’ensemble des solutions ; Résoudre les formes du premier degré et les formes réductibles.,"Annexe autonome BO 2026, p. 8 — Algèbre",,MATH.ALG.EXPRESSIONS|MATH.PREREQ.CYCLE4.EQUATIONS,MATH.COMP.CALCULER|MATH.COMP.RAISONNER
MATH.ALG.EQUATION_PREMIER_DEGRE,notion,Équation du premier degré,Résoudre ax=b et ax+b=cx+d ; Traiter les cas sans solution ou avec toutes les valeurs.,"Annexe autonome BO 2026, p. 5,8 — Automatismes ; Nombres et calculs, algèbre",MATH.ALG.EQUATIONS,MATH.ALG.DISTRIBUTIVITE|MATH.PREREQ.CYCLE4.EQUATIONS,MATH.COMP.CALCULER|MATH.COMP.RAISONNER
MATH.ALG.EXPRESSIONS,notion,Manipulations algébriques,Réduire développer factoriser ; Calculer avec puissances racines et fractions ; Choisir une forme utile.,"Annexe autonome BO 2026, p. 5,7-8 — Automatismes ; Nombres et calculs, algèbre",,MATH.PREREQ.CYCLE4.DISTRIBUTIVITE,MATH.COMP.CALCULER|MATH.COMP.RAISONNER
MATH.ALG.EXPRESSIONS_FRACTIONNAIRES,notion,Expressions fractionnaires,Préciser les valeurs interdites ; Calculer sur des fractions algébriques simples.,"Annexe autonome BO 2026, p. 7-8 — Algèbre",,MATH.ALG.FACTORISATION_SIMPLE|MATH.NUM.FRACTIONS.OPERATIONS,MATH.COMP.CALCULER|MATH.COMP.RAISONNER
MATH.ALG.FACTORISATION_SIMPLE,notion,Factorisation simple,Repérer un facteur commun ; Factoriser avec une identité adaptée.,"Annexe autonome BO 2026, p. 5,8 — Automatismes ; Nombres et calculs, algèbre",MATH.ALG.EXPRESSIONS,,MATH.COMP.CALCULER
MATH.ALG.FORME_ADAPTEE,notion,Choisir la forme utile,Choisir forme factorisée ou développée selon le calcul ou la résolution.,"Annexe autonome BO 2026, p. 8 — Algèbre",,,MATH.COMP.CALCULER|MATH.COMP.RAISONNER
MATH.ALG.IDENTITES,notion,Identités algébriques usuelles,Développer les carrés d’une somme et d’une différence ; Utiliser la différence de deux carrés.,"Annexe autonome BO 2026, p. 5 — Automatismes — calcul numérique et algébrique",MATH.ALG.EXPRESSIONS,MATH.ALG.DISTRIBUTIVITE,MATH.COMP.CALCULER|MATH.COMP.RAISONNER
MATH.ALG.INEQUATION_PREMIER_DEGRE,notion,Inéquation du premier degré,Résoudre une inéquation affine ; Inverser l’ordre si multiplication ou division par un négatif ; Donner un intervalle.,"Annexe autonome BO 2026, p. 5,8 — Automatismes ; Nombres et calculs, algèbre",MATH.ALG.EQUATIONS,MATH.ALG.EQUATION_PREMIER_DEGRE|MATH.NUM.INTERVALLES,MATH.COMP.CALCULER|MATH.COMP.RAISONNER
MATH.ALG.ISOLER_VARIABLE,notion,Isoler une variable,Exprimer une variable dans une relation du premier degré ; Adapter les formules de sciences ; Préciser les conditions de division.,"Annexe autonome BO 2026, p. 5,8 — Automatismes ; Nombres et calculs, algèbre",,MATH.ALG.CALCUL_LITTERAL_ELEMENTAIRE,MATH.COMP.CALCULER|MATH.COMP.MODELISER
MATH.ALG.MODELISER_EQUATION,notion,Modéliser par une relation algébrique,Choisir une inconnue et son domaine ; Traduire une contrainte en équation ou inéquation ; Interpréter les solutions.,"Annexe autonome BO 2026, p. 6,8 — Automatismes ; Nombres et calculs, algèbre",,,MATH.COMP.COMMUNIQUER|MATH.COMP.MODELISER
MATH.ALG.ORDRE,notion,Inégalités et comparaisons,Ajouter des inégalités compatibles ; Multiplier selon le signe ; Comparer par différence ou rapport de positifs.,"Annexe autonome BO 2026, p. 5,7-8 — Automatismes ; Nombres et calculs, algèbre",MATH.ALG.EXPRESSIONS,MATH.NUM.FRACTIONS.OPERATIONS,MATH.COMP.CALCULER|MATH.COMP.RAISONNER
MATH.ALG.PRODUIT_NUL,notion,Équation produit nul,Résoudre A(x)B(x)=0 ; Rassembler les solutions des facteurs ; Justifier le ou.,"Annexe autonome BO 2026, p. 8 — Algèbre",MATH.ALG.EQUATIONS,MATH.ALG.EQUATION_PREMIER_DEGRE|MATH.ALG.FACTORISATION_SIMPLE,MATH.COMP.CALCULER|MATH.COMP.RAISONNER
MATH.ALG.PUISSANCES,notion,Puissances entières relatives,Calculer produits quotients et puissances de puissances ; Gérer exposants nuls et négatifs et conditions.,"Annexe autonome BO 2026, p. 5,7-8 — Automatismes ; Nombres et calculs, algèbre",MATH.ALG.EXPRESSIONS,MATH.NUM.FRACTIONS.OPERATIONS,MATH.COMP.CALCULER
MATH.ALG.QUOTIENT,notion,Équation quotient,Résoudre A(x)/B(x)=k après exclusion des zéros de B ; Vérifier les solutions candidates.,"Annexe autonome BO 2026, p. 8 — Algèbre",MATH.ALG.EQUATIONS,MATH.ALG.EQUATION_PREMIER_DEGRE|MATH.ALG.EXPRESSIONS_FRACTIONNAIRES,MATH.COMP.CALCULER|MATH.COMP.RAISONNER
MATH.ALG.RACINES,notion,Racines carrées,Calculer avec des racines de réels positifs ; Utiliser racine de a² égale valeur absolue de a ; Éviter la fausse distributivité sur une somme.,"Annexe autonome BO 2026, p. 7-8 — Algèbre",MATH.ALG.EXPRESSIONS,MATH.NUM.VALEUR_ABSOLUE,MATH.COMP.CALCULER|MATH.COMP.RAISONNER
MATH.AUTO.ECRITURES,notion,Écritures des nombres,Passer entre écriture décimale fractionnaire et pourcentage ; Comparer des nombres.,"Annexe autonome BO 2026, p. 5-6 — Automatismes",,MATH.PREREQ.CYCLE4.FRACTIONS,MATH.COMP.CALCULER
MATH.AUTO.GEOMETRIE,notion,Pythagore Thalès et trigonométrie,Identifier les hypothèses des théorèmes ; Résoudre un triangle rectangle avec cosinus sinus tangente ; Choisir une relation adaptée.,"Annexe autonome BO 2026, p. 6 — Automatismes",,MATH.AUTO.MESURES,MATH.COMP.CALCULER|MATH.COMP.RAISONNER
MATH.AUTO.MESURES,notion,Périmètres aires volumes,Calculer polygone cercle rectangle triangle disque ; Calculer pavé prisme cylindre pyramide cône boule ; Distinguer longueur aire et volume.,"Annexe autonome BO 2026, p. 6 — Automatismes",,MATH.AUTO.UNITES,MATH.COMP.CALCULER|MATH.COMP.MODELISER
MATH.AUTO.ORDRE_GRANDEUR,notion,Estimation et cohérence,Estimer un ordre de grandeur ; Contrôler le signe et la taille d’un résultat ; Distinguer exact et approché.,"Annexe autonome BO 2026, p. 5 — Automatismes",,MATH.AUTO.ECRITURES,MATH.COMP.CALCULER|MATH.COMP.RAISONNER
MATH.AUTO.REPERAGE,notion,Repérage sur une droite et dans le plan,Lire et placer un réel sur une droite graduée ; Lire et placer des coordonnées en repère orthogonal.,"Annexe autonome BO 2026, p. 6 — Automatismes",,,MATH.COMP.REPRESENTER
MATH.AUTO.UNITES,notion,Conversions et applications numériques,Convertir longueurs aires volumes contenances durées vitesses masses ; Substituer dans une formule avec des unités cohérentes.,"Annexe autonome BO 2026, p. 5 — Automatismes",,MATH.AUTO.ECRITURES,MATH.COMP.CALCULER|MATH.COMP.MODELISER
MATH.COMP.CALCULER,competency,Calculer,Choisir une technique ; Exécuter un calcul ou un algorithme ; Contrôler le résultat.,"Annexe autonome BO 2026, p. 1-3 — Préambule",,,
MATH.COMP.CHERCHER,competency,Chercher et expérimenter,Essayer plusieurs pistes ; Confronter une conjecture à des cas ; Exploiter un outil sans confondre observation et preuve.,"Annexe autonome BO 2026, p. 1-3 — Préambule",,,
MATH.COMP.COMMUNIQUER,competency,Communiquer,"Expliquer oralement et par écrit ; Préciser notations, unités et conclusion.","Annexe autonome BO 2026, p. 1-3 — Préambule",,,
MATH.COMP.MODELISER,competency,Modéliser,Choisir des variables et hypothèses ; Traduire une situation ; Valider ou invalider le modèle.,"Annexe autonome BO 2026, p. 1-3 — Préambule",,,
MATH.COMP.RAISONNER,competency,Raisonner,Distinguer hypothèse et conclusion ; Enchaîner des implications justifiées ; Démontrer.,"Annexe autonome BO 2026, p. 1-3 — Préambule",,,
MATH.COMP.REPRESENTER,competency,Représenter,Choisir un registre ; Passer d’une expression à une courbe ou un tableau.,"Annexe autonome BO 2026, p. 1-3 — Préambule",,,
MATH.FONC.AFFINE,notion,Fonction affine,"Reconnaître mx+p ; Lire pente et ordonnée à l’origine ; Relier signe, variations et droite.","Annexe autonome BO 2026, p. 6,10-11 — Automatismes — fonctions et représentations ; Fonctions",,MATH.PREREQ.CYCLE4.FONCTIONS,MATH.COMP.CALCULER|MATH.COMP.REPRESENTER
MATH.FONC.DOMAINE,notion,Ensemble de définition,Repérer divisions par zéro et racines non définies ; Tenir compte du contexte ; Écrire un domaine en intervalles.,"Annexe autonome BO 2026, p. 10 — Représentation algébrique et graphique des fonctions",MATH.FONC.REPRESENTATIONS,MATH.FONC.NOTION|MATH.NUM.INTERVALLES,MATH.COMP.RAISONNER
MATH.FONC.EQUATIONS_GRAPHIQUES,notion,Équations et inéquations fonctionnelles,Résoudre f(x)=k ou f(x)<k par une méthode adaptée ; Comparer f et g graphiquement ou numériquement.,"Annexe autonome BO 2026, p. 10-11 — Représentation algébrique et graphique des fonctions",,MATH.FONC.DOMAINE,MATH.COMP.RAISONNER|MATH.COMP.REPRESENTER
MATH.FONC.IMAGE_ANTECEDENT,notion,Images et antécédents,Calculer ou lire une image ; Rechercher tous les antécédents dans le domaine.,"Annexe autonome BO 2026, p. 6,10 — Automatismes — fonctions et représentations ; Fonctions",MATH.FONC.REPRESENTATIONS,MATH.FONC.NOTION,MATH.COMP.CALCULER|MATH.COMP.REPRESENTER
MATH.FONC.NOTION,notion,Dépendance fonctionnelle,Associer une unique image à chaque entrée du domaine ; Modéliser une dépendance continue ou discrète.,"Annexe autonome BO 2026, p. 10 — Représentation algébrique et graphique des fonctions",,MATH.PREREQ.CYCLE4.FONCTIONS,MATH.COMP.MODELISER|MATH.COMP.REPRESENTER
MATH.FONC.OPTIMISATION,notion,Optimisation et outils numériques,Définir le domaine du problème ; Lire ou estimer un extrémum ; Interpréter la précision et valider une conjecture.,"Annexe autonome BO 2026, p. 11 — Variations et extrémums d’une fonction",,MATH.ALG.MODELISER_EQUATION|MATH.FONC.VARIATIONS,MATH.COMP.CHERCHER|MATH.COMP.MODELISER
MATH.FONC.REF.ABS,notion,Fonction valeur absolue,Reconnaître la courbe en V ; Lire signe et variations ; Résoudre des équations ou inéquations simples contre une constante.,"Annexe autonome BO 2026, p. 10-11 — Représentation algébrique et graphique des fonctions",MATH.FONC.REPRESENTATIONS,MATH.FONC.NOTION|MATH.NUM.VALEUR_ABSOLUE,MATH.COMP.RAISONNER|MATH.COMP.REPRESENTER
MATH.FONC.REF.CARRE,notion,Fonction carré,Définir et représenter x² ; Connaître signe et variations ; Résoudre comparaisons avec une constante.,"Annexe autonome BO 2026, p. 10-11 — Représentation algébrique et graphique des fonctions",MATH.FONC.REPRESENTATIONS,MATH.ALG.CARRE_EQUATION|MATH.FONC.NOTION,MATH.COMP.RAISONNER|MATH.COMP.REPRESENTER
MATH.FONC.REF.CUBE,notion,Fonction cube,Calculer et comparer des images ; Résoudre des comparaisons simples avec une constante par graphique ou calcul.,"Annexe autonome BO 2026, p. 11 — Représentation algébrique et graphique des fonctions",MATH.FONC.REPRESENTATIONS,MATH.ALG.PUISSANCES|MATH.FONC.NOTION,MATH.COMP.CALCULER|MATH.COMP.REPRESENTER
MATH.FONC.REF.INVERSE,notion,Fonction inverse,Définir 1/x sur les réels non nuls ; Lire signe et courbe ; Étudier la décroissance sur chaque intervalle de définition.,"Annexe autonome BO 2026, p. 10-11 — Représentation algébrique et graphique des fonctions",MATH.FONC.REPRESENTATIONS,MATH.FONC.DOMAINE|MATH.NUM.FRACTIONS.OPERATIONS,MATH.COMP.RAISONNER|MATH.COMP.REPRESENTER
MATH.FONC.REF.RACINE,notion,Fonction racine carrée,Respecter x≥0 ; Comparer des images ; Résoudre graphiquement ou algébriquement une équation ou inéquation simple.,"Annexe autonome BO 2026, p. 11 — Représentation algébrique et graphique des fonctions",MATH.FONC.REPRESENTATIONS,MATH.ALG.RACINES|MATH.FONC.DOMAINE,MATH.COMP.CALCULER|MATH.COMP.RAISONNER
MATH.FONC.REPRESENTATIONS,notion,Représentations d’une fonction,"Passer entre formule, tableau, courbe et programme de calcul ; Exploiter y=f(x).","Annexe autonome BO 2026, p. 10 — Représentation algébrique et graphique des fonctions",,MATH.PREREQ.CYCLE4.FONCTIONS,MATH.COMP.MODELISER|MATH.COMP.REPRESENTER
MATH.FONC.SIGNES,notion,Signe d’une fonction,Lire la position par rapport à l’axe horizontal ; Étudier fonctions affines et de référence ; Distinguer signe et variations.,"Annexe autonome BO 2026, p. 10 — Représentation algébrique et graphique des fonctions",,MATH.FONC.REPRESENTATIONS,MATH.COMP.RAISONNER|MATH.COMP.REPRESENTER
MATH.FONC.TABLEAU_SIGNES,notion,Signe d’un produit ou quotient,Ordonner zéros et valeurs interdites ; Combiner les signes ; Lire un ensemble de solutions.,"Annexe autonome BO 2026, p. 8,10-11 — Représentation algébrique et graphique des fonctions",MATH.FONC.SIGNES,MATH.ALG.EXPRESSIONS_FRACTIONNAIRES,MATH.COMP.CALCULER|MATH.COMP.RAISONNER
MATH.FONC.VARIATIONS,notion,Variations et extrémums,Définir croissance décroissance monotonie sur un intervalle ; Relier courbe et tableau ; Distinguer extrémum et lieu où il est atteint.,"Annexe autonome BO 2026, p. 11 — Variations et extrémums d’une fonction",,MATH.FONC.REPRESENTATIONS,MATH.COMP.COMMUNIQUER|MATH.COMP.REPRESENTER
MATH.FONC.VARIATIONS_AFFINE,notion,Variations d’une affine,Déduire les variations du signe de m ; Interpréter le taux d’accroissement ; Démontrer par différence.,"Annexe autonome BO 2026, p. 11 — Variations et extrémums d’une fonction",MATH.FONC.VARIATIONS,MATH.FONC.AFFINE,MATH.COMP.RAISONNER
MATH.GEO.BASE,notion,Bases et coordonnées vectorielles,Décomposer sur deux vecteurs non colinéaires ; Utiliser une base orthonormée ; Lire et représenter les coordonnées.,"Annexe autonome BO 2026, p. 9 — Vecteurs et problèmes de géométrie",MATH.GEO.VECTEURS,MATH.GEO.VECTEUR_OPERATIONS,MATH.COMP.CALCULER|MATH.COMP.REPRESENTER
MATH.GEO.DETERMINANT,notion,Colinéarité et déterminant,Calculer un déterminant ; Relier déterminant nul et colinéarité ; Traiter alignement parallélisme et vecteur nul.,"Annexe autonome BO 2026, p. 9 — Vecteurs et problèmes de géométrie",MATH.GEO.VECTEURS,MATH.GEO.VECTEUR_OPERATIONS,MATH.COMP.CALCULER|MATH.COMP.RAISONNER
MATH.GEO.DISTANCE,notion,Norme et distance entre points,Calculer coordonnées de AB ; Calculer norme et distance en repère orthonormé.,"Annexe autonome BO 2026, p. 9 — Vecteurs et problèmes de géométrie",MATH.GEO.VECTEURS,MATH.ALG.RACINES|MATH.AUTO.GEOMETRIE|MATH.GEO.VECTEUR_EGALITE,MATH.COMP.CALCULER
MATH.GEO.DROITES,notion,Droites du plan,"Relier équations, pente et vecteur directeur ; Tracer et déterminer une droite ; Étudier des positions relatives.","Annexe autonome BO 2026, p. 9-10 — Droites du plan",,MATH.ALG.EQUATION_PREMIER_DEGRE|MATH.GEO.VECTEURS,MATH.COMP.MODELISER|MATH.COMP.REPRESENTER
MATH.GEO.EQUATION_DROITE,notion,Équation cartésienne et vecteur directeur,Déterminer une équation à partir de deux points ou d’un point et d’un vecteur ; Tester appartenance ; Tracer une droite.,"Annexe autonome BO 2026, p. 9-10 — Droites du plan",MATH.GEO.DROITES,MATH.ALG.ISOLER_VARIABLE|MATH.GEO.DETERMINANT,MATH.COMP.RAISONNER|MATH.COMP.REPRESENTER
MATH.GEO.INTERSECTION,notion,Positions relatives et intersection,Distinguer parallèles confondues ou sécantes ; Trouver l’intersection de deux droites d’équations réduites.,"Annexe autonome BO 2026, p. 9 — Droites du plan",MATH.GEO.DROITES,MATH.ALG.EQUATION_PREMIER_DEGRE|MATH.GEO.PENTE,MATH.COMP.CALCULER|MATH.COMP.RAISONNER
MATH.GEO.MILIEU,notion,Milieu d’un segment,Utiliser la caractérisation vectorielle ; Calculer les coordonnées d’un milieu ; Relier aux diagonales d’un parallélogramme.,"Annexe autonome BO 2026, p. 9 — Vecteurs et problèmes de géométrie",MATH.GEO.VECTEURS,MATH.GEO.VECTEUR_OPERATIONS,MATH.COMP.CALCULER|MATH.COMP.RAISONNER
MATH.GEO.PENTE,notion,Pente et équation réduite,Calculer variation verticale sur variation horizontale ; Trouver une droite par point et pente ; Traiter les verticales.,"Annexe autonome BO 2026, p. 9 — Droites du plan",MATH.GEO.DROITES,MATH.FONC.AFFINE|MATH.GEO.VECTEUR_EGALITE,MATH.COMP.CALCULER|MATH.COMP.REPRESENTER
MATH.GEO.VECTEURS,notion,Vecteurs du plan,Relier déplacement et coordonnées ; Calculer avec les vecteurs ; Choisir une méthode géométrique adaptée ; Résoudre avec méthodes vectorielles repérées ou non et méthodes géométriques.,"Annexe autonome BO 2026, p. 9 — Vecteurs et problèmes de géométrie",,MATH.AUTO.REPERAGE,MATH.COMP.RAISONNER|MATH.COMP.REPRESENTER
MATH.GEO.VECTEUR_EGALITE,notion,Égalité et représentants de vecteurs,Reconnaître direction sens norme ; Identifier le vecteur nul ; Changer de représentant ; Interpréter position et déplacement.,"Annexe autonome BO 2026, p. 9 — Vecteurs et problèmes de géométrie",MATH.GEO.VECTEURS,MATH.AUTO.REPERAGE,MATH.COMP.REPRESENTER
MATH.GEO.VECTEUR_OPERATIONS,notion,Somme de vecteurs et multiplication par un réel,Construire une somme depuis une même origine ; Utiliser Chasles ; Multiplier un vecteur par un réel ; Calculer les coordonnées.,"Annexe autonome BO 2026, p. 9 — Vecteurs et problèmes de géométrie",MATH.GEO.VECTEURS,MATH.GEO.VECTEUR_EGALITE,MATH.COMP.CALCULER|MATH.COMP.REPRESENTER
MATH.LOG.COUPLES,notion,Couples et produit cartésien,Reconnaître un couple ordonné ; Construire le produit de deux petits ensembles.,"Annexe autonome BO 2026, p. 4 — Vocabulaire ensembliste et logique",,MATH.LOG.ENSEMBLES,MATH.COMP.REPRESENTER
MATH.LOG.ENSEMBLES,notion,Ensembles et appartenance,"Distinguer élément et sous-ensemble ; Utiliser ensemble vide, appartenance et inclusion ; Reconnaître les ensembles de nombres.","Annexe autonome BO 2026, p. 4 — Vocabulaire ensembliste et logique",,,MATH.COMP.RAISONNER|MATH.COMP.REPRESENTER
MATH.LOG.IMPLICATION,notion,Implication réciproque contraposée équivalence,Distinguer condition suffisante et nécessaire ; Formuler réciproque et contraposée ; Justifier une équivalence.,"Annexe autonome BO 2026, p. 4 — Vocabulaire ensembliste et logique",,MATH.LOG.PROPOSITIONS,MATH.COMP.RAISONNER
MATH.LOG.OPERATIONS,notion,Opérations sur les ensembles,Déterminer union intersection complémentaire ; Préciser l’univers ; Calculer un cardinal fini.,"Annexe autonome BO 2026, p. 4 — Vocabulaire ensembliste et logique",,MATH.LOG.ENSEMBLES,MATH.COMP.RAISONNER|MATH.COMP.REPRESENTER
MATH.LOG.PROPOSITIONS,notion,Propositions connecteurs et négation,Identifier une proposition ; Employer et et ou inclusif ; Nier des propositions simples sans implication ni quantificateurs.,"Annexe autonome BO 2026, p. 4 — Vocabulaire ensembliste et logique",,MATH.LOG.ENSEMBLES,MATH.COMP.COMMUNIQUER|MATH.COMP.RAISONNER
MATH.LOG.QUANTIFICATION,notion,Quantification et contre-exemple,Lire pour tout et il existe en langage naturel ; Réfuter une proposition universelle par un contre-exemple.,"Annexe autonome BO 2026, p. 4 — Vocabulaire ensembliste et logique",,MATH.LOG.PROPOSITIONS,MATH.COMP.COMMUNIQUER|MATH.COMP.RAISONNER
MATH.LOG.RAISONNEMENTS,notion,Raisonnements par cas et par l’absurde,Épuiser les cas possibles ; Supposer la négation de la conclusion et obtenir une contradiction.,"Annexe autonome BO 2026, p. 4 — Vocabulaire ensembliste et logique",,MATH.LOG.IMPLICATION|MATH.LOG.QUANTIFICATION,MATH.COMP.RAISONNER
MATH.NUM.ARITHMETIQUE,notion,Multiples diviseurs et parité,Utiliser N et Z ; Écrire a=kb avec k entier ; Modéliser un problème de divisibilité ; Distinguer pairs et impairs.,"Annexe autonome BO 2026, p. 7 — Arithmétique",,,MATH.COMP.CALCULER|MATH.COMP.RAISONNER
MATH.NUM.ENCADREMENTS,notion,Encadrements arrondis et précision,Encadrer un réel par des décimaux avec amplitude imposée ; Adapter les chiffres significatifs au contexte.,"Annexe autonome BO 2026, p. 7 — Nombres réels",,MATH.AUTO.ORDRE_GRANDEUR|MATH.NUM.ENSEMBLES,MATH.COMP.CALCULER|MATH.COMP.RAISONNER
MATH.NUM.ENSEMBLES,notion,Ensembles de nombres et irrationnels,Distinguer N Z D Q R ; Situer un réel sur une droite ; Reconnaître rationnel non décimal et irrationnel.,"Annexe autonome BO 2026, p. 7 — Nombres réels",,MATH.AUTO.ECRITURES|MATH.LOG.ENSEMBLES,MATH.COMP.RAISONNER|MATH.COMP.REPRESENTER
MATH.NUM.FRACTIONS.IRREDUCTIBLE,notion,Fraction irréductible,Réduire une fraction par des diviseurs communs ; Justifier que la réduction est achevée.,"Annexe autonome BO 2026, p. 7 — Arithmétique",,MATH.PREREQ.CYCLE4.FRACTIONS,MATH.COMP.CALCULER|MATH.COMP.RAISONNER
MATH.NUM.FRACTIONS.OPERATIONS,notion,Opérations et comparaison de fractions,Additionner soustraire multiplier diviser ; Comparer des fractions ; Contrôler les dénominateurs non nuls.,"Annexe autonome BO 2026, p. 5,7-8 — Automatismes — calcul numérique et algébrique ; Arithmétique ; Algèbre",,MATH.PREREQ.CYCLE4.FRACTIONS,MATH.COMP.CALCULER
MATH.NUM.INTERVALLES,notion,Intervalles réels,Traduire des inégalités en intervalles ; Représenter sur une droite ; Tester une appartenance.,"Annexe autonome BO 2026, p. 7 — Nombres réels",,MATH.LOG.ENSEMBLES,MATH.COMP.RAISONNER|MATH.COMP.REPRESENTER
MATH.NUM.VALEUR_ABSOLUE,notion,Valeur absolue et distance,Calculer une distance entre réels ; Relier la distance à un intervalle centré ; Résoudre une condition de distance au plus r avec r≥0.,"Annexe autonome BO 2026, p. 7 — Nombres réels",,MATH.NUM.INTERVALLES,MATH.COMP.CALCULER|MATH.COMP.REPRESENTER
MATH.PREREQ.CYCLE4.DISTRIBUTIVITE,prerequisite,Distributivité à diagnostiquer à l’entrée,Développer un produit simple ; Réduire des termes de même nature.,"Annexe autonome BO 2026, p. 5 — Automatismes",,,MATH.COMP.CALCULER
MATH.PREREQ.CYCLE4.EQUATIONS,prerequisite,Équations à diagnostiquer à l’entrée,Conserver l’égalité en opérant sur les deux membres ; Vérifier une solution.,"Annexe autonome BO 2026, p. 5 — Automatismes",,,MATH.COMP.CALCULER|MATH.COMP.RAISONNER
MATH.PREREQ.CYCLE4.FONCTIONS,prerequisite,Fonctions à diagnostiquer à l’entrée,Identifier entrée et sortie ; Lire une image ; Reconnaître une fonction linéaire ou affine.,"Annexe autonome BO 2026, p. 6,10 — Automatismes — fonctions et représentations ; Fonctions — objectifs",,,MATH.COMP.REPRESENTER
MATH.PREREQ.CYCLE4.FRACTIONS,prerequisite,Fractions à diagnostiquer à l’entrée,Reconnaître des fractions égales ; Calculer avec un dénominateur commun ; Multiplier et diviser des fractions.,"Annexe autonome BO 2026, p. 5 — Automatismes",,,MATH.COMP.CALCULER
MATH.PROBA.ARBRES,notion,Arbres de probabilité,Traduire un énoncé en arbre pondéré ; Interpréter les branches ; Multiplier sur un chemin ; Relier au conditionnement.,"Annexe autonome BO 2026, p. 13 — Probabilités",,MATH.PROBA.CONDITIONNELLE,MATH.COMP.CALCULER|MATH.COMP.REPRESENTER
MATH.PROBA.CONDITIONNELLE,notion,Probabilité conditionnelle,Définir P_A(B) pour P(A)>0 ; Calculer avec arbre ou tableau ; Distinguer les conditionnements inversés.,"Annexe autonome BO 2026, p. 13 — Probabilités",,MATH.PROBA.MODELE|MATH.STAT.FREQUENCE_CONDITIONNELLE,MATH.COMP.CALCULER|MATH.COMP.RAISONNER
MATH.PROBA.EVENEMENTS,notion,Calculs élémentaires d’événements,Calculer par somme des probabilités des issues ; Utiliser événement contraire ; Relier cardinal et probabilité sous équiprobabilité.,"Annexe autonome BO 2026, p. 6,13 — Automatismes — probabilités ; Probabilités",,MATH.PROBA.MODELE,MATH.COMP.CALCULER|MATH.COMP.RAISONNER
MATH.PROBA.FLUCTUATIONS,notion,Fluctuation et loi des grands nombres,Distinguer probabilité et fréquence ; Observer des fluctuations ; Interpréter une stabilisation par simulation.,"Annexe autonome BO 2026, p. 11,13 — Probabilités",,MATH.PY.ALEATOIRE|MATH.STAT.PROPORTIONS,MATH.COMP.CHERCHER|MATH.COMP.MODELISER
MATH.PROBA.INVERSION,notion,Inversion des conditionnements,Distinguer condition et événement ; Interpréter faux positifs faux négatifs sensibilité spécificité sur un tableau fourni.,"Annexe autonome BO 2026, p. 13 — Probabilités",,MATH.PROBA.CONDITIONNELLE,MATH.COMP.COMMUNIQUER|MATH.COMP.RAISONNER
MATH.PROBA.MODELE,notion,Modèle probabiliste fini,Définir univers issue événement ; Utiliser une loi de probabilité ; Expliciter l’hypothèse d’équiprobabilité ; Distinguer modèle et réalité.,"Annexe autonome BO 2026, p. 6,12-13 — Automatismes — probabilités ; Probabilités",,MATH.LOG.OPERATIONS|MATH.NUM.FRACTIONS.OPERATIONS,MATH.COMP.MODELISER|MATH.COMP.RAISONNER
MATH.PY.ALEATOIRE,notion,Simulation d’expériences aléatoires,Appeler une fonction aléatoire ; Répéter des expériences indépendantes ; Produire une série et une fréquence.,"Annexe autonome BO 2026, p. 5,13 — Algorithmique et programmation",,MATH.PROBA.MODELE|MATH.PY.BOUCLES|MATH.PY.FONCTIONS,MATH.COMP.CALCULER|MATH.COMP.MODELISER
MATH.PY.BOUCLES,notion,Boucles bornées et non bornées,Écrire une boucle for et while ; Suivre l’évolution des variables ; Garantir l’arrêt dans un cas simple ; Lire modifier et compléter un algorithme plus complexe.,"Annexe autonome BO 2026, p. 5 — Algorithmique et programmation",,MATH.PY.CONDITIONS|MATH.PY.VARIABLES,MATH.COMP.CALCULER|MATH.COMP.RAISONNER
MATH.PY.CONDITIONS,notion,Instructions conditionnelles,Écrire if et else ; Construire un test booléen ; Contrôler les cas frontières.,"Annexe autonome BO 2026, p. 5 — Algorithmique et programmation",,MATH.LOG.PROPOSITIONS|MATH.PY.VARIABLES,MATH.COMP.CALCULER|MATH.COMP.RAISONNER
MATH.PY.FONCTIONS,notion,Fonctions Python et arguments,Écrire appeler et compléter une fonction ; Distinguer arguments et valeur renvoyée ; Calculer une formule à plusieurs variables.,"Annexe autonome BO 2026, p. 5 — Algorithmique et programmation",,MATH.FONC.NOTION|MATH.PY.VARIABLES,MATH.COMP.CALCULER|MATH.COMP.MODELISER
MATH.PY.STATISTIQUES,notion,Lecture de fonctions statistiques,Lire une fonction calculant moyenne ou écart type ; Comprendre une accumulation ; Interpréter le résultat sans exiger la maîtrise des listes.,"Annexe autonome BO 2026, p. 5 — Algorithmique et programmation",,MATH.PY.BOUCLES|MATH.STAT.ECART_TYPE,MATH.COMP.CALCULER|MATH.COMP.COMMUNIQUER
MATH.PY.VARIABLES,notion,Variables types et affectation,Distinguer entier booléen flottant chaîne ; Exécuter une affectation et une séquence ; Traduire langage naturel et Python.,"Annexe autonome BO 2026, p. 4-5 — Algorithmique et programmation",,MATH.ALG.CALCUL_LITTERAL_ELEMENTAIRE,MATH.COMP.CALCULER|MATH.COMP.REPRESENTER
MATH.STAT.CLASSES,notion,Données regroupées en classes,Tracer histogramme de classes de même amplitude et polygone cumulé ; Calculer la moyenne pondérée des moyennes de classes ; Utiliser les centres seulement sous hypothèse d’uniformité.,"Annexe autonome BO 2026, p. 12 — Information chiffrée et statistique descriptive",MATH.STAT.DESCRIPTIVE,MATH.STAT.GRAPHIQUES|MATH.STAT.POSITION,MATH.COMP.CALCULER|MATH.COMP.REPRESENTER
MATH.STAT.DESCRIPTIVE,notion,Statistique descriptive,Organiser les données ; Calculer et interpréter des indicateurs ; Comparer centre et dispersion.,"Annexe autonome BO 2026, p. 6,11-12 — Automatismes — statistiques ou proportions ; Information chiffrée et statistique descriptive",,MATH.STAT.PROPORTIONS,MATH.COMP.CALCULER|MATH.COMP.COMMUNIQUER
MATH.STAT.ECART_TYPE,notion,Dispersion et écart type,Interpréter étendue écart interquartile écart type ; Comparer deux séries avec un indicateur de centre et de dispersion.,"Annexe autonome BO 2026, p. 12 — Information chiffrée et statistique descriptive",MATH.STAT.DESCRIPTIVE,MATH.ALG.RACINES|MATH.STAT.POSITION,MATH.COMP.CALCULER|MATH.COMP.COMMUNIQUER
MATH.STAT.EVOLUTIONS,notion,Évolution absolue et relative,"Calculer différence, rapport et taux ; Passer du taux au coefficient ; Retrouver valeur initiale ou finale.","Annexe autonome BO 2026, p. 12 — Information chiffrée et statistique descriptive",,,MATH.COMP.CALCULER|MATH.COMP.COMMUNIQUER
MATH.STAT.EVOLUTIONS_SUCCESSIVES,notion,Évolutions successives et réciproques,Multiplier les coefficients successifs ; Inverser un coefficient pour revenir à la valeur initiale.,"Annexe autonome BO 2026, p. 12 — Information chiffrée et statistique descriptive",MATH.STAT.PROPORTIONS,MATH.STAT.EVOLUTIONS,MATH.COMP.CALCULER|MATH.COMP.RAISONNER
MATH.STAT.FREQUENCE_CONDITIONNELLE,notion,Fréquences conditionnelles et marginales,Lire un tableau croisé ; Choisir population totale ou sous-population ; Calculer les fréquences et compléter le tableau.,"Annexe autonome BO 2026, p. 12 — Croisement de deux variables qualitatives",,MATH.STAT.PROPORTIONS,MATH.COMP.CALCULER|MATH.COMP.COMMUNIQUER
MATH.STAT.GRAPHIQUES,notion,Graphiques statistiques,Lire barres secteurs courbes et nuages de points ; Comparer des boîtes à moustaches ; Critiquer axes et échelles.,"Annexe autonome BO 2026, p. 6,12 — Automatismes — statistiques ou proportions ; Information chiffrée et statistique descriptive",MATH.STAT.DESCRIPTIVE,MATH.AUTO.REPERAGE|MATH.STAT.POSITION,MATH.COMP.COMMUNIQUER|MATH.COMP.REPRESENTER
MATH.STAT.MEDIANE_CLASSES,notion,Classe médiane et interpolation,Localiser la classe contenant 50 % des effectifs ; Estimer la médiane si la répartition est uniforme dans cette classe.,"Annexe autonome BO 2026, p. 12 — Information chiffrée et statistique descriptive",MATH.STAT.DESCRIPTIVE,MATH.STAT.CLASSES,MATH.COMP.CALCULER|MATH.COMP.RAISONNER
MATH.STAT.POSITION,notion,Moyenne médiane quartiles,Calculer une moyenne pondérée ; Utiliser la linéarité ; Calculer médiane et quartiles ; Étudier ajout ou suppression d’une valeur.,"Annexe autonome BO 2026, p. 6,11-12 — Automatismes — statistiques ou proportions ; Information chiffrée et statistique descriptive",MATH.STAT.DESCRIPTIVE,MATH.STAT.PROPORTIONS,MATH.COMP.CALCULER|MATH.COMP.COMMUNIQUER
MATH.STAT.POURCENTAGE_POURCENTAGE,notion,Proportion de proportion,Identifier des ensembles emboîtés ; Multiplier des proportions et interpréter le résultat.,"Annexe autonome BO 2026, p. 11-12 — Information chiffrée et statistique descriptive",,,MATH.COMP.CALCULER|MATH.COMP.MODELISER
MATH.STAT.PROPORTIONS,notion,Proportions et évolutions,Identifier l’ensemble de référence ; Calculer une part ou un tout ; Distinguer proportion et évolution.,"Annexe autonome BO 2026, p. 6,11-12 — Automatismes — statistiques ou proportions ; Information chiffrée et statistique descriptive",,MATH.NUM.FRACTIONS.OPERATIONS,MATH.COMP.CALCULER|MATH.COMP.MODELISER
MATH.STAT.TABLEAU_CROISE,notion,Tableau croisé de variables qualitatives,Reconnaître caractères nominaux ou ordinaux ; Calculer totaux marginaux ; Compléter un tableau d’effectifs ; Filtrer des individus.,"Annexe autonome BO 2026, p. 12 — Croisement de deux variables qualitatives",,MATH.LOG.OPERATIONS|MATH.STAT.PROPORTIONS,MATH.COMP.CALCULER|MATH.COMP.REPRESENTER
